{"cameraMode":{"drawMode":0,"name":"Shaded","section":"Shading Mode"},"sceneLighting":true,"audioPlay":false,"sceneViewState":{"m_AlwaysRefresh":false,"showFog":true,"showSkybox":true,"showFlares":true,"showImageEffects":true,"showParticleSystems":true,"showVisualEffectGraphs":true,"m_FxEnabled":false},"in2DMode":false,"pivot":{"x":37.20621109008789,"y":-0.1082913875579834,"z":49.589630126953128},"rotation":{"x":-0.7092779874801636,"y":0.0006023896858096123,"z":-0.0006901295855641365,"w":-0.7050309181213379},"size":23.535192489624025,"orthographic":false}